Company,Industry,Employees,HQ,FitReason,DecisionMaker,Title,CompanyLinkedIn,Priority
Certify,Healthcare Tech,50,New York,Series B SaaS (June 2025 $40M) - Provider data mgmt needs compliance automation,Anshul Rathi,Founder & CEO,https://www.linkedin.com/company/certifyos,High
Maven Clinic,Healthcare Tech,1000+,San Francisco,Series F unicorn ($1.7B valuation Oct 2024) - Women's health platform expanding enterprise - needs ISO/HIPAA,Kate Ryder,Founder & CEO,https://www.linkedin.com/company/maven-clinic,High
Deel,Fintech & HR,500+,San Francisco,Series E ($300M Oct 2025 - $17.3B valuation) - Global payroll with 100+ countries - expanding compliance infrastructure,Multiple C-level,Chief Compliance Officer + Chief Risk Officer,https://www.linkedin.com/company/deel,High
Ramp,Fintech,300+,New York,Series E-2 ($22.5B valuation July 2025) - Expense management SaaS growing rapidly - enterprise compliance critical,Rahul Samant,CEO,https://www.linkedin.com/company/ramp-financial,High
Synthesia,AI/SaaS,400+,London,Series C ($200M Oct 2025 at $4B valuation) - AI video platform used by 50K+ businesses including Fortune 100 - needs SOC 2,Victor Riparbelli,CEO,https://www.linkedin.com/company/synthesia-io,High
n8n,Workflow Automation,150+,Berlin,Series E ($180M Oct 2025 at $2.5B valuation) - Automation platform with 200K+ users - enterprise compliance needs,Jan Oberhauser,CEO/Founder,https://www.linkedin.com/company/n8n-io,High
PostHog,Product Analytics,250+,London,Series E ($75M Oct 2025 at $1.4B valuation) - Open-source analytics for engineers - needs SOC 2 for enterprise,James Hawkins,CEO,https://www.linkedin.com/company/posthog,High
Kong,API Platform,350+,San Francisco,Series E ($175M Nov 2024 at $2B valuation) - API connectivity critical to AI/cloud - heavy compliance requirements,Augusto Marietti,CEO,https://www.linkedin.com/company/konghq,High
Attentive,Mobile Marketing,500+,New York,Series C ($70M) - Mobile messaging platform serving 10K+ brands - enterprise compliance for marketing tech,Amit Jhawar,CEO,https://www.linkedin.com/company/attentive-mobile,Medium
Tempus AI,Healthcare Tech,2000+,Chicago,IPO Jun 2024 ($6.93B revenue 2024) - Precision medicine AI platform - growing enterprise sales requiring compliance,Eric Lefkofsky,Founder & CEO,https://www.linkedin.com/company/tempus-ai,Medium
Vanta,GRC/Compliance,500+,San Francisco,Series D ($150M Jul 2025 at $4.15B valuation) - Automated compliance platform - direct competitor in space,Ankush Jain,CEO,https://www.linkedin.com/company/vanta,Medium
Drata,GRC/Compliance,400+,Toronto,$100M+ ARR (2025) - Automated compliance platform - growing rapidly for SOC 2/ISO,Mikaela Acquah,CEO,https://www.linkedin.com/company/drata,Medium
Okta,Identity/IAM,3000+,San Francisco,Public company - Identity platform needs integrated travel risk/GRC capabilities,Todd McKinnon,CEO & Founder,https://www.linkedin.com/company/okta,Medium
SailPoint,Identity Governance,2000+,Austin,Public company - Enterprise identity/GRC platform - natural bundling opportunity,Mark McClain,CEO & Founder,https://www.linkedin.com/company/sailpoint-technologies,Medium
Rippling,HR/IT,500+,San Francisco,"Series C/D growth stage - Global HR platform with 180+ countries - compliance automation is core", Parker Conrad,CEO & Founder,https://www.linkedin.com/company/rippling,Medium
Expedia,Travel/Transportation,25000,Seattle,Public company - Massive international travel programs - enterprise risk management needs upgrade,Kurt John,Global CISO,https://www.linkedin.com/company/expedia,Medium
Stripe,Fintech,5000+,San Francisco,Public company - Payment processing giant - expanding compliance infrastructure for enterprise,Patrick Collison,CEO,https://www.linkedin.com/company/stripe,Low
McKinsey & Company,Professional Services,45000,New York,Global consulting - thousands of traveling consultants - high compliance for regulated clients,Multiple Partners,Partner/Principal,https://www.linkedin.com/company/mckinsey,Medium
Bain & Company,Professional Services,15000,Boston,Elite consulting firm - extensive international operations - compliance-heavy client base,Multiple Partners,Partner/Principal,https://www.linkedin.com/company/bain-company,Medium
Teladoc Health,Healthcare/Telehealth,5000+,Dallas,Public company - Telehealth platform serving millions - HIPAA/international compliance critical,Multiple Executives,Chief Risk Officer,https://www.linkedin.com/company/teladoc-health,Medium
Chargepoint,Energy/Infrastructure,2000+,Campbell CA,Public company - EV charging network expanding globally - compliance for energy sector,Rick Wilmer,President & CEO,https://www.linkedin.com/company/chargepoint,Low
Zoom,Communications,5000+,San Jose,Public company - Enterprise video platform with global operations - expanding compliance offerings,Eric Yuan,Founder & CEO,https://www.linkedin.com/company/zoom,Low
Slalom Consulting,Professional Services,2500,Seattle,Mid-market consulting firm - extensive international client base - internal compliance needs,Multiple Partners,Senior Leadership,https://www.linkedin.com/company/slalom,Medium
Simon-Kucher & Partners,Consulting,2000+,Bonn Germany,Global consulting firm 45 offices in 30+ countries - international operations require risk management,Multiple Partners,Senior Leadership,https://www.linkedin.com/company/simon-kucher---partners,Medium
Brattle Group,Economics/Consulting,500+,Cambridge MA,Specialized consulting for regulated industries - economic analysis for compliance decisions,Multiple Leaders,Senior Leadership,https://www.linkedin.com/company/the-brattle-group,Low
PatientIQ,Healthcare Data,50,Chicago,Series B ($20M 2022) - Healthcare outcomes data - HIPAA compliance critical,Matthew Gitelis,Founder,https://www.linkedin.com/company/patientiq,Medium
UiPath,RPA/Automation,3000+,New York,Leading RPA platform - enterprise customers need GRC workflow automation,Daniel Dines,CEO & Founder,https://www.linkedin.com/company/uipath,Low
Automation Anywhere,RPA/Automation,2500+,San Jose,RPA software company - enterprise customers expanding into GRC automation,Mihir Shukla,CEO & Founder,https://www.linkedin.com/company/automation-anywhere,Low
